student_id,practice_hours,attendance_rate,prior_quiz,study_track,region,certificate_issued,completed
1,6.7,0.83,48,core,central,0,0
2,4.0,0.71,90,explorer,north,1,1
3,7.4,0.89,54,core,central,1,1
4,6.1,0.60,,explorer,north,0,0
5,1.3,0.53,71,builder,south,0,0
6,,0.56,61,core,north,0,0
7,6.6,0.85,85,builder,north,1,1
8,6.8,0.73,84,builder,north,1,1
9,1.5,,58,explorer,central,0,0
10,4.1,0.75,92,builder,central,0,0
11,3.5,0.59,57,,south,0,0
12,7.9,0.84,69,explorer,central,0,0
13,5.7,0.73,55,explorer,,0,0
14,7.1,0.70,91,builder,north,1,1
15,4.0,0.66,,core,north,0,0
16,2.3,0.81,44,builder,central,0,0
17,4.9,0.69,65,core,south,0,0
18,,0.56,94,builder,central,0,0
19,7.1,0.57,88,explorer,south,0,0
20,5.6,0.96,81,builder,north,1,1
21,6.6,0.94,88,core,north,1,1
22,3.3,0.84,88,builder,south,0,0
23,8.3,,69,explorer,north,1,1
24,7.6,0.97,58,explorer,north,1,1
25,6.7,0.88,82,,central,1,1
26,2.1,0.85,76,builder,south,0,0
27,4.2,0.73,61,builder,south,0,0
28,0.9,0.65,,core,north,0,0
29,1.7,0.56,81,core,south,0,0
30,6.0,0.94,56,core,,0,0
31,6.5,0.73,91,explorer,south,1,1
32,,0.61,55,explorer,south,0,0
33,3.1,0.66,48,explorer,north,0,0
34,3.5,0.79,85,explorer,south,0,0
35,4.3,0.60,50,explorer,north,0,0
36,2.0,,51,core,south,0,0
37,1.5,0.87,73,explorer,central,0,0
38,4.3,0.85,87,core,south,0,0
39,2.3,0.72,52,builder,central,0,0
40,5.9,0.81,58,,central,1,1
41,4.0,0.79,82,builder,central,0,0
42,7.2,0.82,,core,south,1,1
43,6.1,0.56,68,core,south,0,0
44,3.0,0.71,49,explorer,north,0,0
45,7.2,0.54,43,core,,0,0
46,6.9,0.75,54,core,central,0,0
47,,0.67,49,explorer,north,0,0
48,2.8,0.59,77,core,central,0,0
49,6.0,0.57,48,explorer,south,0,0
50,1.6,0.79,68,explorer,south,0,0
51,2.1,0.60,78,builder,south,0,0
52,0.6,,72,core,central,0,0
53,6.8,0.79,52,core,south,0,0
54,5.8,0.68,84,core,central,1,1
55,6.1,0.79,79,builder,south,1,1
56,6.7,0.53,80,,central,0,0
57,4.2,0.96,49,builder,north,0,0
58,5.0,0.74,48,core,north,0,0
59,1.6,0.88,,builder,north,0,0
60,1.4,0.56,63,core,north,0,0
61,5.8,0.74,58,explorer,central,0,0
62,4.3,0.75,67,core,,0,0
63,5.0,0.95,76,core,north,1,1
64,,0.78,92,core,central,1,1
65,5.6,0.74,57,explorer,central,0,0
66,4.9,0.64,90,core,north,1,1
67,5.0,0.67,43,builder,central,0,0
68,2.9,0.76,,builder,central,1,1
69,0.7,0.72,75,builder,central,0,0
70,4.0,0.53,48,,central,0,0
71,2.2,,49,explorer,south,0,0
72,3.8,0.93,64,builder,north,0,0
73,7.3,0.58,92,,central,1,1
74,2.4,0.77,73,core,,0,0
75,1.0,,91,explorer,north,0,0
76,2.8,0.83,84,builder,south,0,0
77,2.8,0.65,,explorer,north,0,0
78,5.8,0.82,83,explorer,north,0,0
79,5.0,0.85,43,explorer,south,0,0
80,6.8,0.87,48,explorer,south,0,0
